{
    "type": "origins:active_self",
    "name": "Potato Maker",
    "description": "Pop potatoes outta you!",
    "cooldown": 5,
    "hud_render": {
        "should_render": true,
        "sprite_location": "origins:textures/gui/community/spiderkolo/resource_bar_01.png",
        "bar_index": 14
    },
    "key": {
        "key": "secondary",
        "continuous": true
    },
    "entity_action": {
        "type": "origins:give",
        "stack": {
            "amount": 1,
            "item": "minecraft:potato"
        }
    }
}