{
    "type": "origins:fire_projectile",
    "name": "Techno Throw",
    "description": "Throw a Techno Minion!",
    "cooldown": 400,
    "count": 1,
    "speed": 15,
    "divergence": 1,
    "entity_type": "minecraft:pig",
    "key": {
        "key": "primary",
        "continuous": true
    },
    "hud_render": {
        "should_render": true,
        "sprite_location": "origins:textures/gui/community/huang/resource_bar_02.png",
        "bar_index": 1
    },
    "sound": "entity.pig.ambient"
}